diagnostic,seq_len,compression_ratio,top_k,noise_std,distractor_strength,signal_scale,recall,mean_cosine,mean_relative_signal,evaluated_queries,evaluated_blocks,batch_size,num_heads,head_dim,device,dtype,seed
compression_signal,512,4,,0.0,,1.0,,1.0,0.25,,256,2,4,32,cuda,float32,1234
topk_recall,512,4,4,0.0,0.0,,1.0,,,4072,,2,4,32,cuda,float32,1234
topk_recall,512,4,4,0.0,0.75,,1.0,,,4072,,2,4,32,cuda,float32,1234
topk_recall,512,4,8,0.0,0.0,,1.0,,,4072,,2,4,32,cuda,float32,1234
topk_recall,512,4,8,0.0,0.75,,1.0,,,4072,,2,4,32,cuda,float32,1234
topk_recall,512,4,16,0.0,0.0,,1.0,,,4072,,2,4,32,cuda,float32,1234
topk_recall,512,4,16,0.0,0.75,,1.0,,,4072,,2,4,32,cuda,float32,1234
topk_recall,512,4,32,0.0,0.0,,1.0,,,4072,,2,4,32,cuda,float32,1234
topk_recall,512,4,32,0.0,0.75,,1.0,,,4072,,2,4,32,cuda,float32,1234
compression_signal,512,4,,0.1,,1.0,,0.6587805151939392,0.2467922866344452,,256,2,4,32,cuda,float32,1234
topk_recall,512,4,4,0.1,0.0,,1.0,,,4072,,2,4,32,cuda,float32,1234
topk_recall,512,4,4,0.1,0.75,,1.0,,,4072,,2,4,32,cuda,float32,1234
topk_recall,512,4,8,0.1,0.0,,1.0,,,4072,,2,4,32,cuda,float32,1234
topk_recall,512,4,8,0.1,0.75,,1.0,,,4072,,2,4,32,cuda,float32,1234
topk_recall,512,4,16,0.1,0.0,,1.0,,,4072,,2,4,32,cuda,float32,1234
topk_recall,512,4,16,0.1,0.75,,1.0,,,4072,,2,4,32,cuda,float32,1234
topk_recall,512,4,32,0.1,0.0,,1.0,,,4072,,2,4,32,cuda,float32,1234
topk_recall,512,4,32,0.1,0.75,,1.0,,,4072,,2,4,32,cuda,float32,1234
compression_signal,512,4,,0.2,,1.0,,0.40839797258377075,0.2536633610725403,,256,2,4,32,cuda,float32,1234
topk_recall,512,4,4,0.2,0.0,,0.9992632865905762,,,4072,,2,4,32,cuda,float32,1234
topk_recall,512,4,4,0.2,0.75,,0.9874754548072815,,,4072,,2,4,32,cuda,float32,1234
topk_recall,512,4,8,0.2,0.0,,0.998772144317627,,,4072,,2,4,32,cuda,float32,1234
topk_recall,512,4,8,0.2,0.75,,0.9980353713035583,,,4072,,2,4,32,cuda,float32,1234
topk_recall,512,4,16,0.2,0.0,,1.0,,,4072,,2,4,32,cuda,float32,1234
topk_recall,512,4,16,0.2,0.75,,0.9990177154541016,,,4072,,2,4,32,cuda,float32,1234
topk_recall,512,4,32,0.2,0.0,,1.0,,,4072,,2,4,32,cuda,float32,1234
topk_recall,512,4,32,0.2,0.75,,1.0,,,4072,,2,4,32,cuda,float32,1234
compression_signal,512,8,,0.0,,1.0,,1.0,0.125,,128,2,4,32,cuda,float32,1234
topk_recall,512,8,4,0.0,0.0,,1.0,,,4040,,2,4,32,cuda,float32,1234
topk_recall,512,8,4,0.0,0.75,,1.0,,,4040,,2,4,32,cuda,float32,1234
topk_recall,512,8,8,0.0,0.0,,1.0,,,4040,,2,4,32,cuda,float32,1234
topk_recall,512,8,8,0.0,0.75,,1.0,,,4040,,2,4,32,cuda,float32,1234
topk_recall,512,8,16,0.0,0.0,,1.0,,,4040,,2,4,32,cuda,float32,1234
topk_recall,512,8,16,0.0,0.75,,1.0,,,4040,,2,4,32,cuda,float32,1234
topk_recall,512,8,32,0.0,0.0,,1.0,,,4040,,2,4,32,cuda,float32,1234
topk_recall,512,8,32,0.0,0.75,,1.0,,,4040,,2,4,32,cuda,float32,1234
compression_signal,512,8,,0.1,,1.0,,0.5145863890647888,0.12149490416049957,,128,2,4,32,cuda,float32,1234
topk_recall,512,8,4,0.1,0.0,,1.0,,,4040,,2,4,32,cuda,float32,1234
topk_recall,512,8,4,0.1,0.75,,1.0,,,4040,,2,4,32,cuda,float32,1234
topk_recall,512,8,8,0.1,0.0,,1.0,,,4040,,2,4,32,cuda,float32,1234
topk_recall,512,8,8,0.1,0.75,,1.0,,,4040,,2,4,32,cuda,float32,1234
topk_recall,512,8,16,0.1,0.0,,1.0,,,4040,,2,4,32,cuda,float32,1234
topk_recall,512,8,16,0.1,0.75,,1.0,,,4040,,2,4,32,cuda,float32,1234
topk_recall,512,8,32,0.1,0.0,,1.0,,,4040,,2,4,32,cuda,float32,1234
topk_recall,512,8,32,0.1,0.75,,1.0,,,4040,,2,4,32,cuda,float32,1234
compression_signal,512,8,,0.2,,1.0,,0.2675476372241974,0.11174334585666656,,128,2,4,32,cuda,float32,1234
topk_recall,512,8,4,0.2,0.0,,0.9997525215148926,,,4040,,2,4,32,cuda,float32,1234
topk_recall,512,8,4,0.2,0.75,,0.9933168888092041,,,4040,,2,4,32,cuda,float32,1234
topk_recall,512,8,8,0.2,0.0,,1.0,,,4040,,2,4,32,cuda,float32,1234
topk_recall,512,8,8,0.2,0.75,,0.9992574453353882,,,4040,,2,4,32,cuda,float32,1234
topk_recall,512,8,16,0.2,0.0,,1.0,,,4040,,2,4,32,cuda,float32,1234
topk_recall,512,8,16,0.2,0.75,,1.0,,,4040,,2,4,32,cuda,float32,1234
topk_recall,512,8,32,0.2,0.0,,1.0,,,4040,,2,4,32,cuda,float32,1234
topk_recall,512,8,32,0.2,0.75,,1.0,,,4040,,2,4,32,cuda,float32,1234
compression_signal,512,16,,0.0,,1.0,,1.0,0.0625,,64,2,4,32,cuda,float32,1234
topk_recall,512,16,4,0.0,0.0,,0.9999999403953552,,,3976,,2,4,32,cuda,float32,1234
topk_recall,512,16,4,0.0,0.75,,0.9999999403953552,,,3976,,2,4,32,cuda,float32,1234
topk_recall,512,16,8,0.0,0.0,,0.9999999403953552,,,3976,,2,4,32,cuda,float32,1234
topk_recall,512,16,8,0.0,0.75,,0.9999999403953552,,,3976,,2,4,32,cuda,float32,1234
topk_recall,512,16,16,0.0,0.0,,0.9999999403953552,,,3976,,2,4,32,cuda,float32,1234
topk_recall,512,16,16,0.0,0.75,,0.9999999403953552,,,3976,,2,4,32,cuda,float32,1234
topk_recall,512,16,32,0.0,0.0,,0.9999999403953552,,,3976,,2,4,32,cuda,float32,1234
topk_recall,512,16,32,0.0,0.75,,0.9999999403953552,,,3976,,2,4,32,cuda,float32,1234
compression_signal,512,16,,0.1,,1.0,,0.3939422369003296,0.06187616288661957,,64,2,4,32,cuda,float32,1234
topk_recall,512,16,4,0.1,0.0,,0.9999999403953552,,,3976,,2,4,32,cuda,float32,1234
topk_recall,512,16,4,0.1,0.75,,0.9999999403953552,,,3976,,2,4,32,cuda,float32,1234
topk_recall,512,16,8,0.1,0.0,,0.9999999403953552,,,3976,,2,4,32,cuda,float32,1234
topk_recall,512,16,8,0.1,0.75,,0.9999999403953552,,,3976,,2,4,32,cuda,float32,1234
topk_recall,512,16,16,0.1,0.0,,0.9999999403953552,,,3976,,2,4,32,cuda,float32,1234
topk_recall,512,16,16,0.1,0.75,,0.9999999403953552,,,3976,,2,4,32,cuda,float32,1234
topk_recall,512,16,32,0.1,0.0,,0.9999999403953552,,,3976,,2,4,32,cuda,float32,1234
topk_recall,512,16,32,0.1,0.75,,0.9999999403953552,,,3976,,2,4,32,cuda,float32,1234
compression_signal,512,16,,0.2,,1.0,,0.23401623964309692,0.06725846230983734,,64,2,4,32,cuda,float32,1234
topk_recall,512,16,4,0.2,0.0,,0.9999999403953552,,,3976,,2,4,32,cuda,float32,1234
topk_recall,512,16,4,0.2,0.75,,0.9974848628044128,,,3976,,2,4,32,cuda,float32,1234
topk_recall,512,16,8,0.2,0.0,,0.9999999403953552,,,3976,,2,4,32,cuda,float32,1234
topk_recall,512,16,8,0.2,0.75,,0.9999999403953552,,,3976,,2,4,32,cuda,float32,1234
topk_recall,512,16,16,0.2,0.0,,0.9999999403953552,,,3976,,2,4,32,cuda,float32,1234
topk_recall,512,16,16,0.2,0.75,,0.9999999403953552,,,3976,,2,4,32,cuda,float32,1234
topk_recall,512,16,32,0.2,0.0,,0.9999999403953552,,,3976,,2,4,32,cuda,float32,1234
topk_recall,512,16,32,0.2,0.75,,0.9999999403953552,,,3976,,2,4,32,cuda,float32,1234
compression_signal,512,32,,0.0,,1.0,,1.0,0.03125,,32,2,4,32,cuda,float32,1234
topk_recall,512,32,4,0.0,0.0,,1.0,,,3848,,2,4,32,cuda,float32,1234
topk_recall,512,32,4,0.0,0.75,,1.0,,,3848,,2,4,32,cuda,float32,1234
topk_recall,512,32,8,0.0,0.0,,1.0,,,3848,,2,4,32,cuda,float32,1234
topk_recall,512,32,8,0.0,0.75,,1.0,,,3848,,2,4,32,cuda,float32,1234
topk_recall,512,32,16,0.0,0.0,,1.0,,,3848,,2,4,32,cuda,float32,1234
topk_recall,512,32,16,0.0,0.75,,1.0,,,3848,,2,4,32,cuda,float32,1234
topk_recall,512,32,32,0.0,0.0,,1.0,,,3848,,2,4,32,cuda,float32,1234
topk_recall,512,32,32,0.0,0.75,,1.0,,,3848,,2,4,32,cuda,float32,1234
compression_signal,512,32,,0.1,,1.0,,0.26793232560157776,0.02678624913096428,,32,2,4,32,cuda,float32,1234
topk_recall,512,32,4,0.1,0.0,,1.0,,,3848,,2,4,32,cuda,float32,1234
topk_recall,512,32,4,0.1,0.75,,1.0,,,3848,,2,4,32,cuda,float32,1234
topk_recall,512,32,8,0.1,0.0,,1.0,,,3848,,2,4,32,cuda,float32,1234
topk_recall,512,32,8,0.1,0.75,,1.0,,,3848,,2,4,32,cuda,float32,1234
topk_recall,512,32,16,0.1,0.0,,1.0,,,3848,,2,4,32,cuda,float32,1234
topk_recall,512,32,16,0.1,0.75,,1.0,,,3848,,2,4,32,cuda,float32,1234
topk_recall,512,32,32,0.1,0.0,,1.0,,,3848,,2,4,32,cuda,float32,1234
topk_recall,512,32,32,0.1,0.75,,1.0,,,3848,,2,4,32,cuda,float32,1234
compression_signal,512,32,,0.2,,1.0,,0.18093669414520264,0.0369693823158741,,32,2,4,32,cuda,float32,1234
topk_recall,512,32,4,0.2,0.0,,1.0,,,3848,,2,4,32,cuda,float32,1234
topk_recall,512,32,4,0.2,0.75,,0.9997401237487793,,,3848,,2,4,32,cuda,float32,1234
topk_recall,512,32,8,0.2,0.0,,1.0,,,3848,,2,4,32,cuda,float32,1234
topk_recall,512,32,8,0.2,0.75,,1.0,,,3848,,2,4,32,cuda,float32,1234
topk_recall,512,32,16,0.2,0.0,,1.0,,,3848,,2,4,32,cuda,float32,1234
topk_recall,512,32,16,0.2,0.75,,1.0,,,3848,,2,4,32,cuda,float32,1234
topk_recall,512,32,32,0.2,0.0,,1.0,,,3848,,2,4,32,cuda,float32,1234
topk_recall,512,32,32,0.2,0.75,,1.0,,,3848,,2,4,32,cuda,float32,1234
compression_signal,512,64,,0.0,,1.0,,1.0,0.015625,,16,2,4,32,cuda,float32,1234
topk_recall,512,64,4,0.0,0.0,,1.0,,,3592,,2,4,32,cuda,float32,1234
topk_recall,512,64,4,0.0,0.75,,1.0,,,3592,,2,4,32,cuda,float32,1234
topk_recall,512,64,8,0.0,0.0,,1.0,,,3592,,2,4,32,cuda,float32,1234
topk_recall,512,64,8,0.0,0.75,,1.0,,,3592,,2,4,32,cuda,float32,1234
topk_recall,512,64,16,0.0,0.0,,1.0,,,3592,,2,4,32,cuda,float32,1234
topk_recall,512,64,16,0.0,0.75,,1.0,,,3592,,2,4,32,cuda,float32,1234
topk_recall,512,64,32,0.0,0.0,,1.0,,,3592,,2,4,32,cuda,float32,1234
topk_recall,512,64,32,0.0,0.75,,1.0,,,3592,,2,4,32,cuda,float32,1234
compression_signal,512,64,,0.1,,1.0,,0.2650200128555298,0.019886139780282974,,16,2,4,32,cuda,float32,1234
topk_recall,512,64,4,0.1,0.0,,1.0,,,3592,,2,4,32,cuda,float32,1234
topk_recall,512,64,4,0.1,0.75,,1.0,,,3592,,2,4,32,cuda,float32,1234
topk_recall,512,64,8,0.1,0.0,,1.0,,,3592,,2,4,32,cuda,float32,1234
topk_recall,512,64,8,0.1,0.75,,1.0,,,3592,,2,4,32,cuda,float32,1234
topk_recall,512,64,16,0.1,0.0,,1.0,,,3592,,2,4,32,cuda,float32,1234
topk_recall,512,64,16,0.1,0.75,,1.0,,,3592,,2,4,32,cuda,float32,1234
topk_recall,512,64,32,0.1,0.0,,1.0,,,3592,,2,4,32,cuda,float32,1234
topk_recall,512,64,32,0.1,0.75,,1.0,,,3592,,2,4,32,cuda,float32,1234
compression_signal,512,64,,0.2,,1.0,,0.07828373461961746,0.012079989537596703,,16,2,4,32,cuda,float32,1234
topk_recall,512,64,4,0.2,0.0,,1.0,,,3592,,2,4,32,cuda,float32,1234
topk_recall,512,64,4,0.2,0.75,,1.0,,,3592,,2,4,32,cuda,float32,1234
topk_recall,512,64,8,0.2,0.0,,1.0,,,3592,,2,4,32,cuda,float32,1234
topk_recall,512,64,8,0.2,0.75,,1.0,,,3592,,2,4,32,cuda,float32,1234
topk_recall,512,64,16,0.2,0.0,,1.0,,,3592,,2,4,32,cuda,float32,1234
topk_recall,512,64,16,0.2,0.75,,1.0,,,3592,,2,4,32,cuda,float32,1234
topk_recall,512,64,32,0.2,0.0,,1.0,,,3592,,2,4,32,cuda,float32,1234
topk_recall,512,64,32,0.2,0.75,,1.0,,,3592,,2,4,32,cuda,float32,1234
compression_signal,512,128,,0.0,,1.0,,1.0,0.0078125,,8,2,4,32,cuda,float32,1234
topk_recall,512,128,4,0.0,0.0,,1.0,,,3080,,2,4,32,cuda,float32,1234
topk_recall,512,128,4,0.0,0.75,,1.0,,,3080,,2,4,32,cuda,float32,1234
topk_recall,512,128,8,0.0,0.0,,1.0,,,3080,,2,4,32,cuda,float32,1234
topk_recall,512,128,8,0.0,0.75,,1.0,,,3080,,2,4,32,cuda,float32,1234
topk_recall,512,128,16,0.0,0.0,,1.0,,,3080,,2,4,32,cuda,float32,1234
topk_recall,512,128,16,0.0,0.75,,1.0,,,3080,,2,4,32,cuda,float32,1234
topk_recall,512,128,32,0.0,0.0,,1.0,,,3080,,2,4,32,cuda,float32,1234
topk_recall,512,128,32,0.0,0.75,,1.0,,,3080,,2,4,32,cuda,float32,1234
compression_signal,512,128,,0.1,,1.0,,0.09347432851791382,0.005478507373481989,,8,2,4,32,cuda,float32,1234
topk_recall,512,128,4,0.1,0.0,,1.0,,,3080,,2,4,32,cuda,float32,1234
topk_recall,512,128,4,0.1,0.75,,1.0,,,3080,,2,4,32,cuda,float32,1234
topk_recall,512,128,8,0.1,0.0,,1.0,,,3080,,2,4,32,cuda,float32,1234
topk_recall,512,128,8,0.1,0.75,,1.0,,,3080,,2,4,32,cuda,float32,1234
topk_recall,512,128,16,0.1,0.0,,1.0,,,3080,,2,4,32,cuda,float32,1234
topk_recall,512,128,16,0.1,0.75,,1.0,,,3080,,2,4,32,cuda,float32,1234
topk_recall,512,128,32,0.1,0.0,,1.0,,,3080,,2,4,32,cuda,float32,1234
topk_recall,512,128,32,0.1,0.75,,1.0,,,3080,,2,4,32,cuda,float32,1234
compression_signal,512,128,,0.2,,1.0,,0.12259534001350403,0.0136231929063797,,8,2,4,32,cuda,float32,1234
topk_recall,512,128,4,0.2,0.0,,1.0,,,3080,,2,4,32,cuda,float32,1234
topk_recall,512,128,4,0.2,0.75,,1.0,,,3080,,2,4,32,cuda,float32,1234
topk_recall,512,128,8,0.2,0.0,,1.0,,,3080,,2,4,32,cuda,float32,1234
topk_recall,512,128,8,0.2,0.75,,1.0,,,3080,,2,4,32,cuda,float32,1234
topk_recall,512,128,16,0.2,0.0,,1.0,,,3080,,2,4,32,cuda,float32,1234
topk_recall,512,128,16,0.2,0.75,,1.0,,,3080,,2,4,32,cuda,float32,1234
topk_recall,512,128,32,0.2,0.0,,1.0,,,3080,,2,4,32,cuda,float32,1234
topk_recall,512,128,32,0.2,0.75,,1.0,,,3080,,2,4,32,cuda,float32,1234
compression_signal,2048,4,,0.0,,1.0,,1.0,0.25,,1024,2,4,32,cuda,float32,1234
topk_recall,2048,4,4,0.0,0.0,,1.0,,,16360,,2,4,32,cuda,float32,1234
topk_recall,2048,4,4,0.0,0.75,,1.0,,,16360,,2,4,32,cuda,float32,1234
topk_recall,2048,4,8,0.0,0.0,,1.0,,,16360,,2,4,32,cuda,float32,1234
topk_recall,2048,4,8,0.0,0.75,,1.0,,,16360,,2,4,32,cuda,float32,1234
topk_recall,2048,4,16,0.0,0.0,,1.0,,,16360,,2,4,32,cuda,float32,1234
topk_recall,2048,4,16,0.0,0.75,,1.0,,,16360,,2,4,32,cuda,float32,1234
topk_recall,2048,4,32,0.0,0.0,,1.0,,,16360,,2,4,32,cuda,float32,1234
topk_recall,2048,4,32,0.0,0.75,,1.0,,,16360,,2,4,32,cuda,float32,1234
compression_signal,2048,4,,0.1,,1.0,,0.6643707156181335,0.24926330149173737,,1024,2,4,32,cuda,float32,1234
topk_recall,2048,4,4,0.1,0.0,,1.0,,,16360,,2,4,32,cuda,float32,1234
topk_recall,2048,4,4,0.1,0.75,,0.9999388456344604,,,16360,,2,4,32,cuda,float32,1234
topk_recall,2048,4,8,0.1,0.0,,1.0,,,16360,,2,4,32,cuda,float32,1234
topk_recall,2048,4,8,0.1,0.75,,0.9999388456344604,,,16360,,2,4,32,cuda,float32,1234
topk_recall,2048,4,16,0.1,0.0,,1.0,,,16360,,2,4,32,cuda,float32,1234
topk_recall,2048,4,16,0.1,0.75,,1.0,,,16360,,2,4,32,cuda,float32,1234
topk_recall,2048,4,32,0.1,0.0,,1.0,,,16360,,2,4,32,cuda,float32,1234
topk_recall,2048,4,32,0.1,0.75,,1.0,,,16360,,2,4,32,cuda,float32,1234
compression_signal,2048,4,,0.2,,1.0,,0.40304848551750183,0.24930702149868011,,1024,2,4,32,cuda,float32,1234
topk_recall,2048,4,4,0.2,0.0,,0.994009792804718,,,16360,,2,4,32,cuda,float32,1234
topk_recall,2048,4,4,0.2,0.75,,0.9552567005157471,,,16360,,2,4,32,cuda,float32,1234
topk_recall,2048,4,8,0.2,0.0,,0.9979217648506165,,,16360,,2,4,32,cuda,float32,1234
topk_recall,2048,4,8,0.2,0.75,,0.9822127223014832,,,16360,,2,4,32,cuda,float32,1234
topk_recall,2048,4,16,0.2,0.0,,0.999633252620697,,,16360,,2,4,32,cuda,float32,1234
topk_recall,2048,4,16,0.2,0.75,,0.9929095506668091,,,16360,,2,4,32,cuda,float32,1234
topk_recall,2048,4,32,0.2,0.0,,0.9998165965080261,,,16360,,2,4,32,cuda,float32,1234
topk_recall,2048,4,32,0.2,0.75,,0.9981662631034851,,,16360,,2,4,32,cuda,float32,1234
compression_signal,2048,8,,0.0,,1.0,,1.0,0.125,,512,2,4,32,cuda,float32,1234
topk_recall,2048,8,4,0.0,0.0,,0.9999999403953552,,,16328,,2,4,32,cuda,float32,1234
topk_recall,2048,8,4,0.0,0.75,,0.9999999403953552,,,16328,,2,4,32,cuda,float32,1234
topk_recall,2048,8,8,0.0,0.0,,0.9999999403953552,,,16328,,2,4,32,cuda,float32,1234
topk_recall,2048,8,8,0.0,0.75,,0.9999999403953552,,,16328,,2,4,32,cuda,float32,1234
topk_recall,2048,8,16,0.0,0.0,,0.9999999403953552,,,16328,,2,4,32,cuda,float32,1234
topk_recall,2048,8,16,0.0,0.75,,0.9999999403953552,,,16328,,2,4,32,cuda,float32,1234
topk_recall,2048,8,32,0.0,0.0,,0.9999999403953552,,,16328,,2,4,32,cuda,float32,1234
topk_recall,2048,8,32,0.0,0.75,,0.9999999403953552,,,16328,,2,4,32,cuda,float32,1234
compression_signal,2048,8,,0.1,,1.0,,0.5268781185150146,0.12483959645032883,,512,2,4,32,cuda,float32,1234
topk_recall,2048,8,4,0.1,0.0,,0.9999999403953552,,,16328,,2,4,32,cuda,float32,1234
topk_recall,2048,8,4,0.1,0.75,,0.9999387264251709,,,16328,,2,4,32,cuda,float32,1234
topk_recall,2048,8,8,0.1,0.0,,0.9999999403953552,,,16328,,2,4,32,cuda,float32,1234
topk_recall,2048,8,8,0.1,0.75,,0.9999999403953552,,,16328,,2,4,32,cuda,float32,1234
topk_recall,2048,8,16,0.1,0.0,,0.9999999403953552,,,16328,,2,4,32,cuda,float32,1234
topk_recall,2048,8,16,0.1,0.75,,0.9999999403953552,,,16328,,2,4,32,cuda,float32,1234
topk_recall,2048,8,32,0.1,0.0,,0.9999999403953552,,,16328,,2,4,32,cuda,float32,1234
topk_recall,2048,8,32,0.1,0.75,,0.9999999403953552,,,16328,,2,4,32,cuda,float32,1234
compression_signal,2048,8,,0.2,,1.0,,0.3033853769302368,0.12689979374408722,,512,2,4,32,cuda,float32,1234
topk_recall,2048,8,4,0.2,0.0,,0.9974889159202576,,,16328,,2,4,32,cuda,float32,1234
topk_recall,2048,8,4,0.2,0.75,,0.9742160439491272,,,16328,,2,4,32,cuda,float32,1234
topk_recall,2048,8,8,0.2,0.0,,0.9992038011550903,,,16328,,2,4,32,cuda,float32,1234
topk_recall,2048,8,8,0.2,0.75,,0.9925893545150757,,,16328,,2,4,32,cuda,float32,1234
topk_recall,2048,8,16,0.2,0.0,,0.9998774528503418,,,16328,,2,4,32,cuda,float32,1234
topk_recall,2048,8,16,0.2,0.75,,0.9973664283752441,,,16328,,2,4,32,cuda,float32,1234
topk_recall,2048,8,32,0.2,0.0,,0.9999999403953552,,,16328,,2,4,32,cuda,float32,1234
topk_recall,2048,8,32,0.2,0.75,,0.9995712637901306,,,16328,,2,4,32,cuda,float32,1234
compression_signal,2048,16,,0.0,,1.0,,1.0,0.0625,,256,2,4,32,cuda,float32,1234
topk_recall,2048,16,4,0.0,0.0,,0.9999999403953552,,,16264,,2,4,32,cuda,float32,1234
topk_recall,2048,16,4,0.0,0.75,,0.9999999403953552,,,16264,,2,4,32,cuda,float32,1234
topk_recall,2048,16,8,0.0,0.0,,0.9999999403953552,,,16264,,2,4,32,cuda,float32,1234
topk_recall,2048,16,8,0.0,0.75,,0.9999999403953552,,,16264,,2,4,32,cuda,float32,1234
topk_recall,2048,16,16,0.0,0.0,,0.9999999403953552,,,16264,,2,4,32,cuda,float32,1234
topk_recall,2048,16,16,0.0,0.75,,0.9999999403953552,,,16264,,2,4,32,cuda,float32,1234
topk_recall,2048,16,32,0.0,0.0,,0.9999999403953552,,,16264,,2,4,32,cuda,float32,1234
topk_recall,2048,16,32,0.0,0.75,,0.9999999403953552,,,16264,,2,4,32,cuda,float32,1234
compression_signal,2048,16,,0.1,,1.0,,0.4116973876953125,0.06422530114650726,,256,2,4,32,cuda,float32,1234
topk_recall,2048,16,4,0.1,0.0,,0.9999999403953552,,,16264,,2,4,32,cuda,float32,1234
topk_recall,2048,16,4,0.1,0.75,,0.9999999403953552,,,16264,,2,4,32,cuda,float32,1234
topk_recall,2048,16,8,0.1,0.0,,0.9999999403953552,,,16264,,2,4,32,cuda,float32,1234
topk_recall,2048,16,8,0.1,0.75,,0.9999999403953552,,,16264,,2,4,32,cuda,float32,1234
topk_recall,2048,16,16,0.1,0.0,,0.9999999403953552,,,16264,,2,4,32,cuda,float32,1234
topk_recall,2048,16,16,0.1,0.75,,0.9999999403953552,,,16264,,2,4,32,cuda,float32,1234
topk_recall,2048,16,32,0.1,0.0,,0.9999999403953552,,,16264,,2,4,32,cuda,float32,1234
topk_recall,2048,16,32,0.1,0.75,,0.9999999403953552,,,16264,,2,4,32,cuda,float32,1234
compression_signal,2048,16,,0.2,,1.0,,0.22211605310440063,0.06441431492567062,,256,2,4,32,cuda,float32,1234
topk_recall,2048,16,4,0.2,0.0,,0.9992621541023254,,,16264,,2,4,32,cuda,float32,1234
topk_recall,2048,16,4,0.2,0.75,,0.9893629550933838,,,16264,,2,4,32,cuda,float32,1234
topk_recall,2048,16,8,0.2,0.0,,0.999754011631012,,,16264,,2,4,32,cuda,float32,1234
topk_recall,2048,16,8,0.2,0.75,,0.9974790811538696,,,16264,,2,4,32,cuda,float32,1234
topk_recall,2048,16,16,0.2,0.0,,0.9998769760131836,,,16264,,2,4,32,cuda,float32,1234
topk_recall,2048,16,16,0.2,0.75,,0.9995080828666687,,,16264,,2,4,32,cuda,float32,1234
topk_recall,2048,16,32,0.2,0.0,,0.9999999403953552,,,16264,,2,4,32,cuda,float32,1234
topk_recall,2048,16,32,0.2,0.75,,0.9999384880065918,,,16264,,2,4,32,cuda,float32,1234
compression_signal,2048,32,,0.0,,1.0,,1.0,0.03125,,128,2,4,32,cuda,float32,1234
topk_recall,2048,32,4,0.0,0.0,,1.0,,,16136,,2,4,32,cuda,float32,1234
topk_recall,2048,32,4,0.0,0.75,,1.0,,,16136,,2,4,32,cuda,float32,1234
topk_recall,2048,32,8,0.0,0.0,,1.0,,,16136,,2,4,32,cuda,float32,1234
topk_recall,2048,32,8,0.0,0.75,,1.0,,,16136,,2,4,32,cuda,float32,1234
topk_recall,2048,32,16,0.0,0.0,,1.0,,,16136,,2,4,32,cuda,float32,1234
topk_recall,2048,32,16,0.0,0.75,,1.0,,,16136,,2,4,32,cuda,float32,1234
topk_recall,2048,32,32,0.0,0.0,,1.0,,,16136,,2,4,32,cuda,float32,1234
topk_recall,2048,32,32,0.0,0.75,,1.0,,,16136,,2,4,32,cuda,float32,1234
compression_signal,2048,32,,0.1,,1.0,,0.3107803165912628,0.03200097382068634,,128,2,4,32,cuda,float32,1234
topk_recall,2048,32,4,0.1,0.0,,1.0,,,16136,,2,4,32,cuda,float32,1234
topk_recall,2048,32,4,0.1,0.75,,1.0,,,16136,,2,4,32,cuda,float32,1234
topk_recall,2048,32,8,0.1,0.0,,1.0,,,16136,,2,4,32,cuda,float32,1234
topk_recall,2048,32,8,0.1,0.75,,1.0,,,16136,,2,4,32,cuda,float32,1234
topk_recall,2048,32,16,0.1,0.0,,1.0,,,16136,,2,4,32,cuda,float32,1234
topk_recall,2048,32,16,0.1,0.75,,1.0,,,16136,,2,4,32,cuda,float32,1234
topk_recall,2048,32,32,0.1,0.0,,1.0,,,16136,,2,4,32,cuda,float32,1234
topk_recall,2048,32,32,0.1,0.75,,1.0,,,16136,,2,4,32,cuda,float32,1234
compression_signal,2048,32,,0.2,,1.0,,0.15923303365707397,0.032062217593193054,,128,2,4,32,cuda,float32,1234
topk_recall,2048,32,4,0.2,0.0,,0.9996281862258911,,,16136,,2,4,32,cuda,float32,1234
topk_recall,2048,32,4,0.2,0.75,,0.9949802160263062,,,16136,,2,4,32,cuda,float32,1234
topk_recall,2048,32,8,0.2,0.0,,0.9999380707740784,,,16136,,2,4,32,cuda,float32,1234
topk_recall,2048,32,8,0.2,0.75,,0.999380350112915,,,16136,,2,4,32,cuda,float32,1234
topk_recall,2048,32,16,0.2,0.0,,1.0,,,16136,,2,4,32,cuda,float32,1234
topk_recall,2048,32,16,0.2,0.75,,0.9997521638870239,,,16136,,2,4,32,cuda,float32,1234
topk_recall,2048,32,32,0.2,0.0,,1.0,,,16136,,2,4,32,cuda,float32,1234
topk_recall,2048,32,32,0.2,0.75,,1.0,,,16136,,2,4,32,cuda,float32,1234
compression_signal,2048,64,,0.0,,1.0,,1.0,0.015625,,64,2,4,32,cuda,float32,1234
topk_recall,2048,64,4,0.0,0.0,,1.0,,,15880,,2,4,32,cuda,float32,1234
topk_recall,2048,64,4,0.0,0.75,,1.0,,,15880,,2,4,32,cuda,float32,1234
topk_recall,2048,64,8,0.0,0.0,,1.0,,,15880,,2,4,32,cuda,float32,1234
topk_recall,2048,64,8,0.0,0.75,,1.0,,,15880,,2,4,32,cuda,float32,1234
topk_recall,2048,64,16,0.0,0.0,,1.0,,,15880,,2,4,32,cuda,float32,1234
topk_recall,2048,64,16,0.0,0.75,,1.0,,,15880,,2,4,32,cuda,float32,1234
topk_recall,2048,64,32,0.0,0.0,,1.0,,,15880,,2,4,32,cuda,float32,1234
topk_recall,2048,64,32,0.0,0.75,,1.0,,,15880,,2,4,32,cuda,float32,1234
compression_signal,2048,64,,0.1,,1.0,,0.21862971782684326,0.016112521290779114,,64,2,4,32,cuda,float32,1234
topk_recall,2048,64,4,0.1,0.0,,1.0,,,15880,,2,4,32,cuda,float32,1234
topk_recall,2048,64,4,0.1,0.75,,1.0,,,15880,,2,4,32,cuda,float32,1234
topk_recall,2048,64,8,0.1,0.0,,1.0,,,15880,,2,4,32,cuda,float32,1234
topk_recall,2048,64,8,0.1,0.75,,1.0,,,15880,,2,4,32,cuda,float32,1234
topk_recall,2048,64,16,0.1,0.0,,1.0,,,15880,,2,4,32,cuda,float32,1234
topk_recall,2048,64,16,0.1,0.75,,1.0,,,15880,,2,4,32,cuda,float32,1234
topk_recall,2048,64,32,0.1,0.0,,1.0,,,15880,,2,4,32,cuda,float32,1234
topk_recall,2048,64,32,0.1,0.75,,1.0,,,15880,,2,4,32,cuda,float32,1234
compression_signal,2048,64,,0.2,,1.0,,0.09388893842697144,0.013455725274980068,,64,2,4,32,cuda,float32,1234
topk_recall,2048,64,4,0.2,0.0,,0.9999370574951172,,,15880,,2,4,32,cuda,float32,1234
topk_recall,2048,64,4,0.2,0.75,,0.998299777507782,,,15880,,2,4,32,cuda,float32,1234
topk_recall,2048,64,8,0.2,0.0,,1.0,,,15880,,2,4,32,cuda,float32,1234
topk_recall,2048,64,8,0.2,0.75,,0.9998740553855896,,,15880,,2,4,32,cuda,float32,1234
topk_recall,2048,64,16,0.2,0.0,,1.0,,,15880,,2,4,32,cuda,float32,1234
topk_recall,2048,64,16,0.2,0.75,,1.0,,,15880,,2,4,32,cuda,float32,1234
topk_recall,2048,64,32,0.2,0.0,,1.0,,,15880,,2,4,32,cuda,float32,1234
topk_recall,2048,64,32,0.2,0.75,,1.0,,,15880,,2,4,32,cuda,float32,1234
compression_signal,2048,128,,0.0,,1.0,,1.0,0.0078125,,32,2,4,32,cuda,float32,1234
topk_recall,2048,128,4,0.0,0.0,,1.0,,,15368,,2,4,32,cuda,float32,1234
topk_recall,2048,128,4,0.0,0.75,,1.0,,,15368,,2,4,32,cuda,float32,1234
topk_recall,2048,128,8,0.0,0.0,,1.0,,,15368,,2,4,32,cuda,float32,1234
topk_recall,2048,128,8,0.0,0.75,,1.0,,,15368,,2,4,32,cuda,float32,1234
topk_recall,2048,128,16,0.0,0.0,,1.0,,,15368,,2,4,32,cuda,float32,1234
topk_recall,2048,128,16,0.0,0.75,,1.0,,,15368,,2,4,32,cuda,float32,1234
topk_recall,2048,128,32,0.0,0.0,,1.0,,,15368,,2,4,32,cuda,float32,1234
topk_recall,2048,128,32,0.0,0.75,,1.0,,,15368,,2,4,32,cuda,float32,1234
compression_signal,2048,128,,0.1,,1.0,,0.16258908808231354,0.008569546043872833,,32,2,4,32,cuda,float32,1234
topk_recall,2048,128,4,0.1,0.0,,1.0,,,15368,,2,4,32,cuda,float32,1234
topk_recall,2048,128,4,0.1,0.75,,1.0,,,15368,,2,4,32,cuda,float32,1234
topk_recall,2048,128,8,0.1,0.0,,1.0,,,15368,,2,4,32,cuda,float32,1234
topk_recall,2048,128,8,0.1,0.75,,1.0,,,15368,,2,4,32,cuda,float32,1234
topk_recall,2048,128,16,0.1,0.0,,1.0,,,15368,,2,4,32,cuda,float32,1234
topk_recall,2048,128,16,0.1,0.75,,1.0,,,15368,,2,4,32,cuda,float32,1234
topk_recall,2048,128,32,0.1,0.0,,1.0,,,15368,,2,4,32,cuda,float32,1234
topk_recall,2048,128,32,0.1,0.75,,1.0,,,15368,,2,4,32,cuda,float32,1234
compression_signal,2048,128,,0.2,,1.0,,0.08797648549079895,0.008592158555984497,,32,2,4,32,cuda,float32,1234
topk_recall,2048,128,4,0.2,0.0,,1.0,,,15368,,2,4,32,cuda,float32,1234
topk_recall,2048,128,4,0.2,0.75,,0.999609649181366,,,15368,,2,4,32,cuda,float32,1234
topk_recall,2048,128,8,0.2,0.0,,1.0,,,15368,,2,4,32,cuda,float32,1234
topk_recall,2048,128,8,0.2,0.75,,1.0,,,15368,,2,4,32,cuda,float32,1234
topk_recall,2048,128,16,0.2,0.0,,1.0,,,15368,,2,4,32,cuda,float32,1234
topk_recall,2048,128,16,0.2,0.75,,1.0,,,15368,,2,4,32,cuda,float32,1234
topk_recall,2048,128,32,0.2,0.0,,1.0,,,15368,,2,4,32,cuda,float32,1234
topk_recall,2048,128,32,0.2,0.75,,1.0,,,15368,,2,4,32,cuda,float32,1234
compression_signal,8192,4,,0.0,,1.0,,1.0,0.25,,4096,2,4,32,cuda,float32,1234
topk_recall,8192,4,4,0.0,0.0,,1.0,,,65512,,2,4,32,cuda,float32,1234
topk_recall,8192,4,4,0.0,0.75,,1.0,,,65512,,2,4,32,cuda,float32,1234
topk_recall,8192,4,8,0.0,0.0,,1.0,,,65512,,2,4,32,cuda,float32,1234
topk_recall,8192,4,8,0.0,0.75,,1.0,,,65512,,2,4,32,cuda,float32,1234
topk_recall,8192,4,16,0.0,0.0,,1.0,,,65512,,2,4,32,cuda,float32,1234
topk_recall,8192,4,16,0.0,0.75,,1.0,,,65512,,2,4,32,cuda,float32,1234
topk_recall,8192,4,32,0.0,0.0,,1.0,,,65512,,2,4,32,cuda,float32,1234
topk_recall,8192,4,32,0.0,0.75,,1.0,,,65512,,2,4,32,cuda,float32,1234
compression_signal,8192,4,,0.1,,1.0,,0.6629076600074768,0.24987918138504028,,4096,2,4,32,cuda,float32,1234
topk_recall,8192,4,4,0.1,0.0,,1.0,,,65512,,2,4,32,cuda,float32,1234
topk_recall,8192,4,4,0.1,0.75,,0.9989009499549866,,,65512,,2,4,32,cuda,float32,1234
topk_recall,8192,4,8,0.1,0.0,,1.0,,,65512,,2,4,32,cuda,float32,1234
topk_recall,8192,4,8,0.1,0.75,,0.9994962811470032,,,65512,,2,4,32,cuda,float32,1234
topk_recall,8192,4,16,0.1,0.0,,1.0,,,65512,,2,4,32,cuda,float32,1234
topk_recall,8192,4,16,0.1,0.75,,0.9999236464500427,,,65512,,2,4,32,cuda,float32,1234
topk_recall,8192,4,32,0.1,0.0,,1.0,,,65512,,2,4,32,cuda,float32,1234
topk_recall,8192,4,32,0.1,0.75,,0.9999847412109375,,,65512,,2,4,32,cuda,float32,1234
compression_signal,8192,4,,0.2,,1.0,,0.4040001630783081,0.2506697475910187,,4096,2,4,32,cuda,float32,1234
topk_recall,8192,4,4,0.2,0.0,,0.9756838083267212,,,65512,,2,4,32,cuda,float32,1234
topk_recall,8192,4,4,0.2,0.75,,0.884433388710022,,,65512,,2,4,32,cuda,float32,1234
topk_recall,8192,4,8,0.2,0.0,,0.989101231098175,,,65512,,2,4,32,cuda,float32,1234
topk_recall,8192,4,8,0.2,0.75,,0.9366375207901001,,,65512,,2,4,32,cuda,float32,1234
topk_recall,8192,4,16,0.2,0.0,,0.9955427646636963,,,65512,,2,4,32,cuda,float32,1234
topk_recall,8192,4,16,0.2,0.75,,0.9676242470741272,,,65512,,2,4,32,cuda,float32,1234
topk_recall,8192,4,32,0.2,0.0,,0.998214066028595,,,65512,,2,4,32,cuda,float32,1234
topk_recall,8192,4,32,0.2,0.75,,0.985941469669342,,,65512,,2,4,32,cuda,float32,1234
compression_signal,8192,8,,0.0,,1.0,,1.0,0.125,,2048,2,4,32,cuda,float32,1234
topk_recall,8192,8,4,0.0,0.0,,1.0,,,65480,,2,4,32,cuda,float32,1234
topk_recall,8192,8,4,0.0,0.75,,1.0,,,65480,,2,4,32,cuda,float32,1234
topk_recall,8192,8,8,0.0,0.0,,1.0,,,65480,,2,4,32,cuda,float32,1234
topk_recall,8192,8,8,0.0,0.75,,1.0,,,65480,,2,4,32,cuda,float32,1234
topk_recall,8192,8,16,0.0,0.0,,1.0,,,65480,,2,4,32,cuda,float32,1234
topk_recall,8192,8,16,0.0,0.75,,1.0,,,65480,,2,4,32,cuda,float32,1234
topk_recall,8192,8,32,0.0,0.0,,1.0,,,65480,,2,4,32,cuda,float32,1234
topk_recall,8192,8,32,0.0,0.75,,1.0,,,65480,,2,4,32,cuda,float32,1234
compression_signal,8192,8,,0.1,,1.0,,0.5215892195701599,0.12321305274963379,,2048,2,4,32,cuda,float32,1234
topk_recall,8192,8,4,0.1,0.0,,1.0,,,65480,,2,4,32,cuda,float32,1234
topk_recall,8192,8,4,0.1,0.75,,0.9995265603065491,,,65480,,2,4,32,cuda,float32,1234
topk_recall,8192,8,8,0.1,0.0,,1.0,,,65480,,2,4,32,cuda,float32,1234
topk_recall,8192,8,8,0.1,0.75,,0.9998778104782104,,,65480,,2,4,32,cuda,float32,1234
topk_recall,8192,8,16,0.1,0.0,,1.0,,,65480,,2,4,32,cuda,float32,1234
topk_recall,8192,8,16,0.1,0.75,,0.9999694228172302,,,65480,,2,4,32,cuda,float32,1234
topk_recall,8192,8,32,0.1,0.0,,1.0,,,65480,,2,4,32,cuda,float32,1234
topk_recall,8192,8,32,0.1,0.75,,1.0,,,65480,,2,4,32,cuda,float32,1234
compression_signal,8192,8,,0.2,,1.0,,0.2999088168144226,0.12613174319267273,,2048,2,4,32,cuda,float32,1234
topk_recall,8192,8,4,0.2,0.0,,0.9875229001045227,,,65480,,2,4,32,cuda,float32,1234
topk_recall,8192,8,4,0.2,0.75,,0.9249846935272217,,,65480,,2,4,32,cuda,float32,1234
topk_recall,8192,8,8,0.2,0.0,,0.995219886302948,,,65480,,2,4,32,cuda,float32,1234
topk_recall,8192,8,8,0.2,0.75,,0.9634850025177002,,,65480,,2,4,32,cuda,float32,1234
topk_recall,8192,8,16,0.2,0.0,,0.9980146288871765,,,65480,,2,4,32,cuda,float32,1234
topk_recall,8192,8,16,0.2,0.75,,0.9832773208618164,,,65480,,2,4,32,cuda,float32,1234
topk_recall,8192,8,32,0.2,0.0,,0.9995418190956116,,,65480,,2,4,32,cuda,float32,1234
topk_recall,8192,8,32,0.2,0.75,,0.9934941530227661,,,65480,,2,4,32,cuda,float32,1234
compression_signal,8192,16,,0.0,,1.0,,1.0,0.0625,,1024,2,4,32,cuda,float32,1234
topk_recall,8192,16,4,0.0,0.0,,1.0,,,65416,,2,4,32,cuda,float32,1234
topk_recall,8192,16,4,0.0,0.75,,1.0,,,65416,,2,4,32,cuda,float32,1234
topk_recall,8192,16,8,0.0,0.0,,1.0,,,65416,,2,4,32,cuda,float32,1234
topk_recall,8192,16,8,0.0,0.75,,1.0,,,65416,,2,4,32,cuda,float32,1234
topk_recall,8192,16,16,0.0,0.0,,1.0,,,65416,,2,4,32,cuda,float32,1234
topk_recall,8192,16,16,0.0,0.75,,1.0,,,65416,,2,4,32,cuda,float32,1234
topk_recall,8192,16,32,0.0,0.0,,1.0,,,65416,,2,4,32,cuda,float32,1234
topk_recall,8192,16,32,0.0,0.75,,1.0,,,65416,,2,4,32,cuda,float32,1234
compression_signal,8192,16,,0.1,,1.0,,0.40816575288772583,0.0634811744093895,,1024,2,4,32,cuda,float32,1234
topk_recall,8192,16,4,0.1,0.0,,1.0,,,65416,,2,4,32,cuda,float32,1234
topk_recall,8192,16,4,0.1,0.75,,0.9998165369033813,,,65416,,2,4,32,cuda,float32,1234
topk_recall,8192,16,8,0.1,0.0,,1.0,,,65416,,2,4,32,cuda,float32,1234
topk_recall,8192,16,8,0.1,0.75,,0.9999846816062927,,,65416,,2,4,32,cuda,float32,1234
topk_recall,8192,16,16,0.1,0.0,,1.0,,,65416,,2,4,32,cuda,float32,1234
topk_recall,8192,16,16,0.1,0.75,,1.0,,,65416,,2,4,32,cuda,float32,1234
topk_recall,8192,16,32,0.1,0.0,,1.0,,,65416,,2,4,32,cuda,float32,1234
topk_recall,8192,16,32,0.1,0.75,,1.0,,,65416,,2,4,32,cuda,float32,1234
compression_signal,8192,16,,0.2,,1.0,,0.21124982833862305,0.0610518604516983,,1024,2,4,32,cuda,float32,1234
topk_recall,8192,16,4,0.2,0.0,,0.9940686821937561,,,65416,,2,4,32,cuda,float32,1234
topk_recall,8192,16,4,0.2,0.75,,0.9557600617408752,,,65416,,2,4,32,cuda,float32,1234
topk_recall,8192,16,8,0.2,0.0,,0.9977375268936157,,,65416,,2,4,32,cuda,float32,1234
topk_recall,8192,16,8,0.2,0.75,,0.9822061657905579,,,65416,,2,4,32,cuda,float32,1234
topk_recall,8192,16,16,0.2,0.0,,0.9993121027946472,,,65416,,2,4,32,cuda,float32,1234
topk_recall,8192,16,16,0.2,0.75,,0.9932432174682617,,,65416,,2,4,32,cuda,float32,1234
topk_recall,8192,16,32,0.2,0.0,,0.9999235272407532,,,65416,,2,4,32,cuda,float32,1234
topk_recall,8192,16,32,0.2,0.75,,0.998058557510376,,,65416,,2,4,32,cuda,float32,1234
compression_signal,8192,32,,0.0,,1.0,,1.0,0.03125,,512,2,4,32,cuda,float32,1234
topk_recall,8192,32,4,0.0,0.0,,1.0,,,65288,,2,4,32,cuda,float32,1234
topk_recall,8192,32,4,0.0,0.75,,1.0,,,65288,,2,4,32,cuda,float32,1234
topk_recall,8192,32,8,0.0,0.0,,1.0,,,65288,,2,4,32,cuda,float32,1234
topk_recall,8192,32,8,0.0,0.75,,1.0,,,65288,,2,4,32,cuda,float32,1234
topk_recall,8192,32,16,0.0,0.0,,1.0,,,65288,,2,4,32,cuda,float32,1234
topk_recall,8192,32,16,0.0,0.75,,1.0,,,65288,,2,4,32,cuda,float32,1234
topk_recall,8192,32,32,0.0,0.0,,1.0,,,65288,,2,4,32,cuda,float32,1234
topk_recall,8192,32,32,0.0,0.75,,1.0,,,65288,,2,4,32,cuda,float32,1234
compression_signal,8192,32,,0.1,,1.0,,0.2914394736289978,0.03044595941901207,,512,2,4,32,cuda,float32,1234
topk_recall,8192,32,4,0.1,0.0,,1.0,,,65288,,2,4,32,cuda,float32,1234
topk_recall,8192,32,4,0.1,0.75,,0.9999234676361084,,,65288,,2,4,32,cuda,float32,1234
topk_recall,8192,32,8,0.1,0.0,,1.0,,,65288,,2,4,32,cuda,float32,1234
topk_recall,8192,32,8,0.1,0.75,,1.0,,,65288,,2,4,32,cuda,float32,1234
topk_recall,8192,32,16,0.1,0.0,,1.0,,,65288,,2,4,32,cuda,float32,1234
topk_recall,8192,32,16,0.1,0.75,,1.0,,,65288,,2,4,32,cuda,float32,1234
topk_recall,8192,32,32,0.1,0.0,,1.0,,,65288,,2,4,32,cuda,float32,1234
topk_recall,8192,32,32,0.1,0.75,,1.0,,,65288,,2,4,32,cuda,float32,1234
compression_signal,8192,32,,0.2,,1.0,,0.1601419448852539,0.032839253544807434,,512,2,4,32,cuda,float32,1234
topk_recall,8192,32,4,0.2,0.0,,0.9979628920555115,,,65288,,2,4,32,cuda,float32,1234
topk_recall,8192,32,4,0.2,0.75,,0.9751256704330444,,,65288,,2,4,32,cuda,float32,1234
topk_recall,8192,32,8,0.2,0.0,,0.9995099306106567,,,65288,,2,4,32,cuda,float32,1234
topk_recall,8192,32,8,0.2,0.75,,0.992065966129303,,,65288,,2,4,32,cuda,float32,1234
topk_recall,8192,32,16,0.2,0.0,,0.999846875667572,,,65288,,2,4,32,cuda,float32,1234
topk_recall,8192,32,16,0.2,0.75,,0.9978710412979126,,,65288,,2,4,32,cuda,float32,1234
topk_recall,8192,32,32,0.2,0.0,,0.9999847412109375,,,65288,,2,4,32,cuda,float32,1234
topk_recall,8192,32,32,0.2,0.75,,0.9994792938232422,,,65288,,2,4,32,cuda,float32,1234
compression_signal,8192,64,,0.0,,1.0,,1.0,0.015625,,256,2,4,32,cuda,float32,1234
topk_recall,8192,64,4,0.0,0.0,,1.0,,,65032,,2,4,32,cuda,float32,1234
topk_recall,8192,64,4,0.0,0.75,,1.0,,,65032,,2,4,32,cuda,float32,1234
topk_recall,8192,64,8,0.0,0.0,,1.0,,,65032,,2,4,32,cuda,float32,1234
topk_recall,8192,64,8,0.0,0.75,,1.0,,,65032,,2,4,32,cuda,float32,1234
topk_recall,8192,64,16,0.0,0.0,,1.0,,,65032,,2,4,32,cuda,float32,1234
topk_recall,8192,64,16,0.0,0.75,,1.0,,,65032,,2,4,32,cuda,float32,1234
topk_recall,8192,64,32,0.0,0.0,,1.0,,,65032,,2,4,32,cuda,float32,1234
topk_recall,8192,64,32,0.0,0.75,,1.0,,,65032,,2,4,32,cuda,float32,1234
compression_signal,8192,64,,0.1,,1.0,,0.20598989725112915,0.014839560724794865,,256,2,4,32,cuda,float32,1234
topk_recall,8192,64,4,0.1,0.0,,1.0,,,65032,,2,4,32,cuda,float32,1234
topk_recall,8192,64,4,0.1,0.75,,1.0,,,65032,,2,4,32,cuda,float32,1234
topk_recall,8192,64,8,0.1,0.0,,1.0,,,65032,,2,4,32,cuda,float32,1234
topk_recall,8192,64,8,0.1,0.75,,1.0,,,65032,,2,4,32,cuda,float32,1234
topk_recall,8192,64,16,0.1,0.0,,1.0,,,65032,,2,4,32,cuda,float32,1234
topk_recall,8192,64,16,0.1,0.75,,1.0,,,65032,,2,4,32,cuda,float32,1234
topk_recall,8192,64,32,0.1,0.0,,1.0,,,65032,,2,4,32,cuda,float32,1234
topk_recall,8192,64,32,0.1,0.75,,1.0,,,65032,,2,4,32,cuda,float32,1234
compression_signal,8192,64,,0.2,,1.0,,0.1105705052614212,0.015841323882341385,,256,2,4,32,cuda,float32,1234
topk_recall,8192,64,4,0.2,0.0,,0.998846709728241,,,65032,,2,4,32,cuda,float32,1234
topk_recall,8192,64,4,0.2,0.75,,0.9885441064834595,,,65032,,2,4,32,cuda,float32,1234
topk_recall,8192,64,8,0.2,0.0,,0.9996463060379028,,,65032,,2,4,32,cuda,float32,1234
topk_recall,8192,64,8,0.2,0.75,,0.9973244071006775,,,65032,,2,4,32,cuda,float32,1234
topk_recall,8192,64,16,0.2,0.0,,0.999984622001648,,,65032,,2,4,32,cuda,float32,1234
topk_recall,8192,64,16,0.2,0.75,,0.9995847940444946,,,65032,,2,4,32,cuda,float32,1234
topk_recall,8192,64,32,0.2,0.0,,1.0,,,65032,,2,4,32,cuda,float32,1234
topk_recall,8192,64,32,0.2,0.75,,0.9999231100082397,,,65032,,2,4,32,cuda,float32,1234
compression_signal,8192,128,,0.0,,1.0,,1.0,0.0078125,,128,2,4,32,cuda,float32,1234
topk_recall,8192,128,4,0.0,0.0,,1.0,,,64520,,2,4,32,cuda,float32,1234
topk_recall,8192,128,4,0.0,0.75,,1.0,,,64520,,2,4,32,cuda,float32,1234
topk_recall,8192,128,8,0.0,0.0,,1.0,,,64520,,2,4,32,cuda,float32,1234
topk_recall,8192,128,8,0.0,0.75,,1.0,,,64520,,2,4,32,cuda,float32,1234
topk_recall,8192,128,16,0.0,0.0,,1.0,,,64520,,2,4,32,cuda,float32,1234
topk_recall,8192,128,16,0.0,0.75,,1.0,,,64520,,2,4,32,cuda,float32,1234
topk_recall,8192,128,32,0.0,0.0,,1.0,,,64520,,2,4,32,cuda,float32,1234
topk_recall,8192,128,32,0.0,0.75,,1.0,,,64520,,2,4,32,cuda,float32,1234
compression_signal,8192,128,,0.1,,1.0,,0.16669315099716187,0.008352216333150864,,128,2,4,32,cuda,float32,1234
topk_recall,8192,128,4,0.1,0.0,,1.0,,,64520,,2,4,32,cuda,float32,1234
topk_recall,8192,128,4,0.1,0.75,,1.0,,,64520,,2,4,32,cuda,float32,1234
topk_recall,8192,128,8,0.1,0.0,,1.0,,,64520,,2,4,32,cuda,float32,1234
topk_recall,8192,128,8,0.1,0.75,,1.0,,,64520,,2,4,32,cuda,float32,1234
topk_recall,8192,128,16,0.1,0.0,,1.0,,,64520,,2,4,32,cuda,float32,1234
topk_recall,8192,128,16,0.1,0.75,,1.0,,,64520,,2,4,32,cuda,float32,1234
topk_recall,8192,128,32,0.1,0.0,,1.0,,,64520,,2,4,32,cuda,float32,1234
topk_recall,8192,128,32,0.1,0.75,,1.0,,,64520,,2,4,32,cuda,float32,1234
compression_signal,8192,128,,0.2,,1.0,,0.09266301244497299,0.009331641718745232,,128,2,4,32,cuda,float32,1234
topk_recall,8192,128,4,0.2,0.0,,0.9998140335083008,,,64520,,2,4,32,cuda,float32,1234
topk_recall,8192,128,4,0.2,0.75,,0.9951332807540894,,,64520,,2,4,32,cuda,float32,1234
topk_recall,8192,128,8,0.2,0.0,,0.9999690055847168,,,64520,,2,4,32,cuda,float32,1234
topk_recall,8192,128,8,0.2,0.75,,0.9993335604667664,,,64520,,2,4,32,cuda,float32,1234
topk_recall,8192,128,16,0.2,0.0,,1.0,,,64520,,2,4,32,cuda,float32,1234
topk_recall,8192,128,16,0.2,0.75,,0.9999535083770752,,,64520,,2,4,32,cuda,float32,1234
topk_recall,8192,128,32,0.2,0.0,,1.0,,,64520,,2,4,32,cuda,float32,1234
topk_recall,8192,128,32,0.2,0.75,,0.9999845027923584,,,64520,,2,4,32,cuda,float32,1234
